"","mu_1","mu_0","diff","log_ratio"
"1",0.039546436051513,0.0204198018931394,0.0191266341583736,0.660970466595519
