"","mu_1","mu_0","diff","log_ratio"
"1",0.0697513783139289,0.0374469493771473,0.0323044289367816,0.622011933188251
