"","mu_1","mu_0","diff","log_ratio"
"1",0.0125139108476522,0.00592115381089126,0.00659275703676096,0.748309562948415
