"","mu_1","mu_0","diff","log_ratio"
"1",0.0703126189387141,0.0366868427922914,0.0336257761464227,0.650533100210645
