"","mu_1","mu_0","diff","log_ratio"
"1",0.0619021147502218,0.0337406237018916,0.0281614910483303,0.606851780604503
