"","mu_1","mu_0","diff","log_ratio"
"1",0.034488254684648,0.0172954094211179,0.01719284526353,0.690177707238517
