"","mu_1","mu_0","diff","log_ratio"
"1",0.0382767406615617,0.0189576166321465,0.0193191240294152,0.702636634407676
