"","mu_1","mu_0","diff","log_ratio"
"1",0.00651324218366832,0.00300946634127446,0.00350377584239386,0.772074595745048
