"","mu_1","mu_0","diff","log_ratio"
"1",0.00819531652982397,0.00378522798441133,0.00441008854541264,0.772456717461986
