"","mu_1","mu_0","diff","log_ratio"
"1",0.278995379744007,0.184681327852028,0.0943140518919787,0.412563433998669
