"","mu_1","mu_0","diff","log_ratio"
"1",0.148674812279492,0.0850107550933623,0.06366405718613,0.558983673972485
