"","mu_1","mu_0","diff","log_ratio"
"1",0.004673088856768,0.00214196122080483,0.00253112763596317,0.780098410805282
