"","mu_1","mu_0","diff","log_ratio"
"1",0.271117633543706,0.188157983453894,0.0829596500898116,0.365270851349878
