"","mu_1","mu_0","diff","log_ratio"
"1",0.288827007581274,0.185253330416007,0.103573677165267,0.44410367723318
