"","mu_1","mu_0","diff","log_ratio"
"1",0.0144417001509303,0.00685608278606349,0.00758561736486676,0.744983609315414
