"","mu_1","mu_0","diff","log_ratio"
"1",0.146134986219527,0.0865209611267638,0.0596140250927631,0.524144047963803
