"","mu_1","mu_0","diff","log_ratio"
"1",0.0137498819272281,0.00645108663993807,0.00729879528729005,0.756781649038817
