"","mu_1","mu_0","diff","log_ratio"
"1",0.129412766269232,0.0787916057720212,0.0506211604972112,0.496200569159609
